{"nodes":[{"label":"Bart Roijers","x":-397.487548828125,"y":177.13046264648438,"id":"Bart Roijers","attributes":{},"color":"rgb(0,0,0)","size":10.0},{"label":"Richard Hillekes","x":568.4608154296875,"y":-120.45886993408203,"id":"Richard Hillekes","attributes":{},"color":"rgb(0,0,0)","size":10.0},{"label":"Maarten Poot","x":199.90380859375,"y":23.446189880371094,"id":"Maarten Poot","attributes":{},"color":"rgb(0,0,0)","size":10.0},{"label":"Rachel Polman","x":-267.5369873046875,"y":-462.1214294433594,"id":"Rachel Polman","attributes":{},"color":"rgb(0,0,0)","size":10.0},{"label":"Ronald Koenis","x":324.37762451171875,"y":212.76303100585938,"id":"Ronald Koenis","attributes":{},"color":"rgb(0,0,0)","size":10.0},{"label":"Marc Mathot","x":335.7544860839844,"y":-403.0010070800781,"id":"Marc Mathot","attributes":{},"color":"rgb(0,0,0)","size":10.0},{"label":"Niek Rooks","x":-78.24462890625,"y":-147.58865356445312,"id":"Niek Rooks","attributes":{},"color":"rgb(0,0,0)","size":10.0},{"label":"Robbert Dijkshoorn","x":326.74267578125,"y":249.94534301757812,"id":"Robbert Dijkshoorn","attributes":{},"color":"rgb(0,0,0)","size":10.0},{"label":"Paul Kunneman","x":262.29718017578125,"y":61.506980895996094,"id":"Paul Kunneman","attributes":{},"color":"rgb(0,0,0)","size":10.0},{"label":"Ernst van den Beek","x":-146.07363891601562,"y":100.17794799804688,"id":"Ernst van den Beek","attributes":{},"color":"rgb(0,0,0)","size":10.0},{"label":"Jeffrey Joenoes","x":311.57806396484375,"y":282.3581848144531,"id":"Jeffrey Joenoes","attributes":{},"color":"rgb(0,0,0)","size":10.0},{"label":"Patrick Rikken","x":-85.38714599609375,"y":-377.6980285644531,"id":"Patrick Rikken","attributes":{},"color":"rgb(0,0,0)","size":10.0},{"label":"Thomas","x":-241.33966064453125,"y":-608.7321166992188,"id":"Thomas","attributes":{},"color":"rgb(0,0,0)","size":10.0},{"label":"Rob den Hollander","x":227.31378173828125,"y":276.8077697753906,"id":"Rob den Hollander","attributes":{},"color":"rgb(0,0,0)","size":10.0},{"label":"Christian van Aalst","x":-333.4628601074219,"y":-298.3725280761719,"id":"Christian van Aalst","attributes":{},"color":"rgb(0,0,0)","size":10.0},{"label":"Stanley Lachman","x":-68.184326171875,"y":189.15646362304688,"id":"Stanley Lachman","attributes":{},"color":"rgb(0,0,0)","size":10.0},{"label":"Peter Bijkerk","x":-31.6971435546875,"y":-161.53555297851562,"id":"Peter Bijkerk","attributes":{},"color":"rgb(0,0,0)","size":10.0},{"label":"Tijn van Wegen","x":-203.3828125,"y":35.94717025756836,"id":"Tijn van Wegen","attributes":{},"color":"rgb(0,0,0)","size":10.0},{"label":"Thomas van Duijn","x":488.34735107421875,"y":303.7085266113281,"id":"Thomas van Duijn","attributes":{},"color":"rgb(0,0,0)","size":10.0},{"label":"Joost Heres","x":346.38214111328125,"y":-62.051918029785156,"id":"Joost Heres","attributes":{},"color":"rgb(0,0,0)","size":10.0},{"label":"Tomas Senne","x":-275.93792724609375,"y":238.64877319335938,"id":"Tomas Senne","attributes":{},"color":"rgb(0,0,0)","size":10.0},{"label":"Robbert","x":-235.96014404296875,"y":179.79208374023438,"id":"Robbert","attributes":{},"color":"rgb(0,0,0)","size":10.0},{"label":"Rob van der Velden","x":-327.38665771484375,"y":218.95266723632812,"id":"Rob van der Velden","attributes":{},"color":"rgb(0,0,0)","size":10.0},{"label":"Ernst van de Beek","x":464.1329040527344,"y":167.7991180419922,"id":"Ernst van de Beek","attributes":{},"color":"rgb(0,0,0)","size":10.0},{"label":"Evelien Fick","x":313.0144958496094,"y":-198.80850219726562,"id":"Evelien Fick","attributes":{},"color":"rgb(0,0,0)","size":10.0},{"label":"Marco Campman","x":-90.44204711914062,"y":194.15933227539062,"id":"Marco Campman","attributes":{},"color":"rgb(0,0,0)","size":10.0},{"label":"Edwin van Kooten Niekerk","x":-125.86355590820312,"y":-146.28646850585938,"id":"Edwin van Kooten Niekerk","attributes":{},"color":"rgb(0,0,0)","size":10.0},{"label":"Marco Balvers","x":-362.7278747558594,"y":-359.4934387207031,"id":"Marco Balvers","attributes":{},"color":"rgb(0,0,0)","size":10.0},{"label":"Richard Merk","x":-217.37576293945312,"y":-58.58477783203125,"id":"Richard Merk","attributes":{},"color":"rgb(0,0,0)","size":10.0},{"label":"Richard Hilekes","x":-180.55575561523438,"y":-470.8574523925781,"id":"Richard Hilekes","attributes":{},"color":"rgb(0,0,0)","size":10.0},{"label":"Ed Holtzer","x":434.81134033203125,"y":-4.296058177947998,"id":"Ed Holtzer","attributes":{},"color":"rgb(0,0,0)","size":10.0},{"label":"Alwin Korz","x":98.51102447509766,"y":197.2095184326172,"id":"Alwin Korz","attributes":{},"color":"rgb(0,0,0)","size":10.0},{"label":"Dennis","x":52.889892578125,"y":-109.0229263305664,"id":"Dennis","attributes":{},"color":"rgb(0,0,0)","size":10.0},{"label":"Pascal Zeelen","x":102.24812316894531,"y":-314.7110595703125,"id":"Pascal Zeelen","attributes":{},"color":"rgb(0,0,0)","size":10.0},{"label":"Alice de Boer","x":-473.2230224609375,"y":149.58352661132812,"id":"Alice de Boer","attributes":{},"color":"rgb(0,0,0)","size":10.0},{"label":"Govert Gribling","x":448.24334716796875,"y":-230.43701171875,"id":"Govert Gribling","attributes":{},"color":"rgb(0,0,0)","size":10.0},{"label":"Erwin Dunnink","x":-358.29254150390625,"y":-155.52923583984375,"id":"Erwin Dunnink","attributes":{},"color":"rgb(0,0,0)","size":10.0},{"label":"Dennis Geluk","x":-37.37481689453125,"y":291.0760803222656,"id":"Dennis Geluk","attributes":{},"color":"rgb(0,0,0)","size":10.0},{"label":"Ron Brouwer","x":214.75457763671875,"y":246.61502075195312,"id":"Ron Brouwer","attributes":{},"color":"rgb(0,0,0)","size":10.0}],"edges":[{"source":"Rachel Polman","target":"Govert Gribling","id":"46","attributes":{},"color":"rgb(0,0,0)","size":1.0},{"source":"Joost Heres","target":"Ernst van den Beek","id":"66","attributes":{},"color":"rgb(0,0,0)","size":1.0},{"source":"Marco Campman","target":"Rob den Hollander","id":"39","attributes":{},"color":"rgb(0,0,0)","size":1.0},{"source":"Marco Campman","target":"Richard Hilekes","id":"58","attributes":{},"color":"rgb(0,0,0)","size":1.0},{"source":"Erwin Dunnink","target":"Christian van Aalst","id":"57","attributes":{},"color":"rgb(0,0,0)","size":1.0},{"source":"Erwin Dunnink","target":"Robbert Dijkshoorn","id":"79","attributes":{},"color":"rgb(0,0,0)","size":1.0},{"source":"Joost Heres","target":"Bart Roijers","id":"51","attributes":{},"color":"rgb(0,0,0)","size":1.0},{"source":"Dennis Geluk","target":"Rob den Hollander","id":"54","attributes":{},"color":"rgb(0,0,0)","size":1.0},{"source":"Edwin van Kooten Niekerk","target":"Niek Rooks","id":"26","attributes":{},"color":"rgb(0,0,0)","size":1.0},{"source":"Erwin Dunnink","target":"Patrick Rikken","id":"71","attributes":{},"color":"rgb(0,0,0)","size":1.0},{"source":"Govert Gribling","target":"Bart Roijers","id":"10","attributes":{},"color":"rgb(0,0,0)","size":1.0},{"source":"Erwin Dunnink","target":"Govert Gribling","id":"82","attributes":{},"color":"rgb(0,0,0)","size":1.0},{"source":"Rob van der Velden","target":"Ron Brouwer","id":"7","attributes":{},"color":"rgb(0,0,0)","size":1.0},{"source":"Alice de Boer","target":"Patrick Rikken","id":"55","attributes":{},"color":"rgb(0,0,0)","size":1.0},{"source":"Rob van der Velden","target":"Patrick Rikken","id":"50","attributes":{},"color":"rgb(0,0,0)","size":1.0},{"source":"Jeffrey Joenoes","target":"Joost Heres","id":"37","attributes":{},"color":"rgb(0,0,0)","size":1.0},{"source":"Joost Heres","target":"Ron Brouwer","id":"8","attributes":{},"color":"rgb(0,0,0)","size":1.0},{"source":"Marco Campman","target":"Stanley Lachman","id":"72","attributes":{},"color":"rgb(0,0,0)","size":1.0},{"source":"Alice de Boer","target":"Ed Holtzer","id":"14","attributes":{},"color":"rgb(0,0,0)","size":1.0},{"source":"Stanley Lachman","target":"Richard Hilekes","id":"27","attributes":{},"color":"rgb(0,0,0)","size":1.0},{"source":"Alice de Boer","target":"Richard Merk","id":"78","attributes":{},"color":"rgb(0,0,0)","size":1.0},{"source":"Marco Campman","target":"Dennis Geluk","id":"17","attributes":{},"color":"rgb(0,0,0)","size":1.0},{"source":"Niek Rooks","target":"Ron Brouwer","id":"80","attributes":{},"color":"rgb(0,0,0)","size":1.0},{"source":"Maarten Poot","target":"Robbert Dijkshoorn","id":"19","attributes":{},"color":"rgb(0,0,0)","size":1.0},{"source":"Rob van der Velden","target":"Robbert Dijkshoorn","id":"29","attributes":{},"color":"rgb(0,0,0)","size":1.0},{"source":"Rachel Polman","target":"Tijn van Wegen","id":"62","attributes":{},"color":"rgb(0,0,0)","size":1.0},{"source":"Rob den Hollander","target":"Richard Hillekes","id":"52","attributes":{},"color":"rgb(0,0,0)","size":1.0},{"source":"Marco Balvers","target":"Dennis Geluk","id":"18","attributes":{},"color":"rgb(0,0,0)","size":1.0},{"source":"Thomas van Duijn","target":"Paul Kunneman","id":"43","attributes":{},"color":"rgb(0,0,0)","size":1.0},{"source":"Stanley Lachman","target":"Rob van der Velden","id":"63","attributes":{},"color":"rgb(0,0,0)","size":1.0},{"source":"Rob van der Velden","target":"Niek Rooks","id":"65","attributes":{},"color":"rgb(0,0,0)","size":1.0},{"source":"Dennis Geluk","target":"Marco Balvers","id":"34","attributes":{},"color":"rgb(0,0,0)","size":1.0},{"source":"Joost Heres","target":"Rob den Hollander","id":"30","attributes":{},"color":"rgb(0,0,0)","size":1.0},{"source":"Niek Rooks","target":"Patrick Rikken","id":"21","attributes":{},"color":"rgb(0,0,0)","size":1.0},{"source":"Richard Hilekes","target":"Dennis Geluk","id":"49","attributes":{},"color":"rgb(0,0,0)","size":1.0},{"source":"Ronald Koenis","target":"Dennis Geluk","id":"35","attributes":{},"color":"rgb(0,0,0)","size":1.0},{"source":"Stanley Lachman","target":"Rob den Hollander","id":"48","attributes":{},"color":"rgb(0,0,0)","size":1.0},{"source":"Rachel Polman","target":"Patrick Rikken","id":"2","attributes":{},"color":"rgb(0,0,0)","size":1.0},{"source":"Richard Hilekes","target":"Christian van Aalst","id":"28","attributes":{},"color":"rgb(0,0,0)","size":1.0},{"source":"Richard Hilekes","target":"Niek Rooks","id":"64","attributes":{},"color":"rgb(0,0,0)","size":1.0},{"source":"Rob den Hollander","target":"Dennis Geluk","id":"9","attributes":{},"color":"rgb(0,0,0)","size":1.0},{"source":"Erwin Dunnink","target":"Ed Holtzer","id":"16","attributes":{},"color":"rgb(0,0,0)","size":1.0},{"source":"Dennis Geluk","target":"Niek Rooks","id":"12","attributes":{},"color":"rgb(0,0,0)","size":1.0},{"source":"Erwin Dunnink","target":"Marc Mathot","id":"83","attributes":{},"color":"rgb(0,0,0)","size":1.0},{"source":"Jeffrey Joenoes","target":"Ron Brouwer","id":"15","attributes":{},"color":"rgb(0,0,0)","size":1.0},{"source":"Peter Bijkerk","target":"Ron Brouwer","id":"23","attributes":{},"color":"rgb(0,0,0)","size":1.0},{"source":"Paul Kunneman","target":"Ernst van de Beek","id":"24","attributes":{},"color":"rgb(0,0,0)","size":1.0},{"source":"Rob den Hollander","target":"Joost Heres","id":"31","attributes":{},"color":"rgb(0,0,0)","size":1.0},{"source":"Edwin van Kooten Niekerk","target":"Ron Brouwer","id":"4","attributes":{},"color":"rgb(0,0,0)","size":1.0},{"source":"Robbert Dijkshoorn","target":"Patrick Rikken","id":"33","attributes":{},"color":"rgb(0,0,0)","size":1.0},{"source":"Govert Gribling","target":"Ed Holtzer","id":"53","attributes":{},"color":"rgb(0,0,0)","size":1.0},{"source":"Richard Hilekes","target":"Robbert","id":"6","attributes":{},"color":"rgb(0,0,0)","size":1.0},{"source":"Tomas Senne","target":"Alwin Korz","id":"41","attributes":{},"color":"rgb(0,0,0)","size":1.0},{"source":"Rachel Polman","target":"Bart Roijers","id":"75","attributes":{},"color":"rgb(0,0,0)","size":1.0},{"source":"Rob den Hollander","target":"Marco Balvers","id":"77","attributes":{},"color":"rgb(0,0,0)","size":1.0},{"source":"Jeffrey Joenoes","target":"Evelien Fick","id":"56","attributes":{},"color":"rgb(0,0,0)","size":1.0},{"source":"Thomas van Duijn","target":"Robbert Dijkshoorn","id":"22","attributes":{},"color":"rgb(0,0,0)","size":1.0},{"source":"Robbert Dijkshoorn","target":"Thomas","id":"11","attributes":{},"color":"rgb(0,0,0)","size":1.0},{"source":"Govert Gribling","target":"Robbert Dijkshoorn","id":"68","attributes":{},"color":"rgb(0,0,0)","size":1.0},{"source":"Alice de Boer","target":"Govert Gribling","id":"70","attributes":{},"color":"rgb(0,0,0)","size":1.0},{"source":"Stanley Lachman","target":"Dennis","id":"5","attributes":{},"color":"rgb(0,0,0)","size":1.0},{"source":"Rachel Polman","target":"Marc Mathot","id":"25","attributes":{},"color":"rgb(0,0,0)","size":1.0},{"source":"Ronald Koenis","target":"Rob den Hollander","id":"13","attributes":{},"color":"rgb(0,0,0)","size":1.0},{"source":"Alice de Boer","target":"Erwin Dunnink","id":"36","attributes":{},"color":"rgb(0,0,0)","size":1.0},{"source":"Peter Bijkerk","target":"Patrick Rikken","id":"44","attributes":{},"color":"rgb(0,0,0)","size":1.0},{"source":"Erwin Dunnink","target":"Alice de Boer","id":"81","attributes":{},"color":"rgb(0,0,0)","size":1.0},{"source":"Tomas Senne","target":"Niek Rooks","id":"20","attributes":{},"color":"rgb(0,0,0)","size":1.0},{"source":"Paul Kunneman","target":"Marc Mathot","id":"45","attributes":{},"color":"rgb(0,0,0)","size":1.0},{"source":"Niek Rooks","target":"Robbert Dijkshoorn","id":"42","attributes":{},"color":"rgb(0,0,0)","size":1.0},{"source":"Paul Kunneman","target":"Thomas van Duijn","id":"1","attributes":{},"color":"rgb(0,0,0)","size":1.0},{"source":"Rob den Hollander","target":"Stanley Lachman","id":"67","attributes":{},"color":"rgb(0,0,0)","size":1.0},{"source":"Paul Kunneman","target":"Niek Rooks","id":"61","attributes":{},"color":"rgb(0,0,0)","size":1.0},{"source":"Joost Heres","target":"Jeffrey Joenoes","id":"76","attributes":{},"color":"rgb(0,0,0)","size":1.0},{"source":"Niek Rooks","target":"Edwin van Kooten Niekerk","id":"73","attributes":{},"color":"rgb(0,0,0)","size":1.0},{"source":"Maarten Poot","target":"Erwin Dunnink","id":"40","attributes":{},"color":"rgb(0,0,0)","size":1.0},{"source":"Niek Rooks","target":"Dennis Geluk","id":"59","attributes":{},"color":"rgb(0,0,0)","size":1.0},{"source":"Thomas van Duijn","target":"Ron Brouwer","id":"60","attributes":{},"color":"rgb(0,0,0)","size":1.0},{"source":"Dennis Geluk","target":"Patrick Rikken","id":"69","attributes":{},"color":"rgb(0,0,0)","size":1.0},{"source":"Govert Gribling","target":"Patrick Rikken","id":"32","attributes":{},"color":"rgb(0,0,0)","size":1.0},{"source":"Paul Kunneman","target":"Patrick Rikken","id":"74","attributes":{},"color":"rgb(0,0,0)","size":1.0},{"source":"Erwin Dunnink","target":"Bart Roijers","id":"38","attributes":{},"color":"rgb(0,0,0)","size":1.0},{"source":"Edwin van Kooten Niekerk","target":"Pascal Zeelen","id":"47","attributes":{},"color":"rgb(0,0,0)","size":1.0}]}