{"nodes":[{"x":-445.29864501953125,"y":-237.41827392578125,"id":"Jeffrey Joenoes","attributes":{},"color":"rgb(0,0,0)","size":10.0},{"x":-27.964139938354492,"y":-267.42315673828125,"id":"Tijn van Weegen","attributes":{},"color":"rgb(0,0,0)","size":10.0},{"x":355.8114929199219,"y":293.8828125,"id":"Alice de Boer","attributes":{},"color":"rgb(0,0,0)","size":10.0},{"x":-426.9104309082031,"y":-402.5516357421875,"id":"Niek Rooks","attributes":{},"color":"rgb(0,0,0)","size":10.0},{"x":220.92608642578125,"y":-130.10035705566406,"id":"Bart Roijers","attributes":{},"color":"rgb(0,0,0)","size":10.0},{"x":-8.339751243591309,"y":337.3287353515625,"id":"Pascal Zeelen","attributes":{},"color":"rgb(0,0,0)","size":10.0},{"x":-406.9149475097656,"y":-82.58013153076172,"id":"Marc Mathot","attributes":{},"color":"rgb(0,0,0)","size":10.0},{"x":105.23825073242188,"y":395.35772705078125,"id":"Maarten Poot","attributes":{},"color":"rgb(0,0,0)","size":10.0},{"x":309.85845947265625,"y":345.79852294921875,"id":"Tomas Senne","attributes":{},"color":"rgb(0,0,0)","size":10.0},{"x":-357.263427734375,"y":414.02947998046875,"id":"Evelien Fick","attributes":{},"color":"rgb(0,0,0)","size":10.0},{"x":-384.4885559082031,"y":-341.36383056640625,"id":"Ernst van Beek","attributes":{},"color":"rgb(0,0,0)","size":10.0},{"x":328.4320068359375,"y":-288.3963623046875,"id":"Christiaan van Aalst","attributes":{},"color":"rgb(0,0,0)","size":10.0},{"x":-339.5114440917969,"y":490.07012939453125,"id":"Rob van der Velden","attributes":{},"color":"rgb(0,0,0)","size":10.0},{"x":-36.25088119506836,"y":-158.8699951171875,"id":"Ernst van de Beek","attributes":{},"color":"rgb(0,0,0)","size":10.0},{"x":462.3606872558594,"y":-53.163421630859375,"id":"Dennis Geluk","attributes":{},"color":"rgb(0,0,0)","size":10.0},{"x":181.16586303710938,"y":-163.39520263671875,"id":"Peter Bijkerk","attributes":{},"color":"rgb(0,0,0)","size":10.0},{"x":-194.54348754882812,"y":31.975830078125,"id":"Steven Tax","attributes":{},"color":"rgb(0,0,0)","size":10.0},{"x":-400.28375244140625,"y":-132.24542236328125,"id":"Jinze Buissing","attributes":{},"color":"rgb(0,0,0)","size":10.0},{"x":91.51407623291016,"y":-181.6861114501953,"id":"Alwin Korz","attributes":{},"color":"rgb(0,0,0)","size":10.0},{"x":-420.2942199707031,"y":-289.80096435546875,"id":"Govert Gribling","attributes":{},"color":"rgb(0,0,0)","size":10.0},{"x":400.9266662597656,"y":233.748779296875,"id":"Rob Hollander","attributes":{},"color":"rgb(0,0,0)","size":10.0},{"x":-203.43902587890625,"y":113.90179443359375,"id":"Ronald Koenis","attributes":{},"color":"rgb(0,0,0)","size":10.0},{"x":-13.080138206481934,"y":-432.41070556640625,"id":"Paul Kunneman","attributes":{},"color":"rgb(0,0,0)","size":10.0},{"x":69.83566284179688,"y":322.7635498046875,"id":"Robbert Dijkshoorn","attributes":{},"color":"rgb(0,0,0)","size":10.0},{"x":-194.87808227539062,"y":455.57415771484375,"id":"Richard Hilekes","attributes":{},"color":"rgb(0,0,0)","size":10.0},{"x":-444.972900390625,"y":-112.469482421875,"id":"Mark Nannes","attributes":{},"color":"rgb(0,0,0)","size":10.0},{"x":-113.16018676757812,"y":-304.5096435546875,"id":"Rachel Polman","attributes":{},"color":"rgb(0,0,0)","size":10.0},{"x":189.73422241210938,"y":-257.9842224121094,"id":"Thomas van Duijn","attributes":{},"color":"rgb(0,0,0)","size":10.0},{"x":476.4383239746094,"y":-379.6656494140625,"id":"Edwin van Kooten Niekerk","attributes":{},"color":"rgb(0,0,0)","size":10.0},{"x":325.0746765136719,"y":23.87959861755371,"id":"Maarten","attributes":{},"color":"rgb(0,0,0)","size":10.0},{"x":182.20794677734375,"y":-399.32037353515625,"id":"Ed Holtzer","attributes":{},"color":"rgb(0,0,0)","size":10.0},{"x":88.29507446289062,"y":362.4991455078125,"id":"Patrick Rikken","attributes":{},"color":"rgb(0,0,0)","size":10.0},{"x":274.4242248535156,"y":171.82843017578125,"id":"Joost Heres","attributes":{},"color":"rgb(0,0,0)","size":10.0},{"x":-179.06387329101562,"y":344.9718017578125,"id":"Ron Brouwer","attributes":{},"color":"rgb(0,0,0)","size":10.0},{"x":509.0939636230469,"y":-237.33657836914062,"id":"Selmar van Egmond","attributes":{},"color":"rgb(0,0,0)","size":10.0},{"x":381.9881896972656,"y":-34.508575439453125,"id":"Erwin Dunnink","attributes":{},"color":"rgb(0,0,0)","size":10.0},{"x":-483.8563232421875,"y":-381.265380859375,"id":"Christian van Aalst","attributes":{},"color":"rgb(0,0,0)","size":10.0}],"edges":[{"source":"Niek Rooks","target":"Paul Kunneman","id":"69","attributes":{},"color":"rgb(0,0,0)","size":1.0},{"source":"Peter Bijkerk","target":"Patrick Rikken","id":"23","attributes":{},"color":"rgb(0,0,0)","size":1.0},{"source":"Rob van der Velden","target":"Christian van Aalst","id":"67","attributes":{},"color":"rgb(0,0,0)","size":1.0},{"source":"Joost Heres","target":"Paul Kunneman","id":"58","attributes":{},"color":"rgb(0,0,0)","size":1.0},{"source":"Govert Gribling","target":"Patrick Rikken","id":"10","attributes":{},"color":"rgb(0,0,0)","size":1.0},{"source":"Niek Rooks","target":"Tijn van Weegen","id":"21","attributes":{},"color":"rgb(0,0,0)","size":1.0},{"source":"Govert Gribling","target":"Bart Roijers","id":"59","attributes":{},"color":"rgb(0,0,0)","size":1.0},{"source":"Rob van der Velden","target":"Niek Rooks","id":"28","attributes":{},"color":"rgb(0,0,0)","size":1.0},{"source":"Paul Kunneman","target":"Joost Heres","id":"40","attributes":{},"color":"rgb(0,0,0)","size":1.0},{"source":"Rachel Polman","target":"Bart Roijers","id":"66","attributes":{},"color":"rgb(0,0,0)","size":1.0},{"source":"Maarten Poot","target":"Robbert Dijkshoorn","id":"52","attributes":{},"color":"rgb(0,0,0)","size":1.0},{"source":"Richard Hilekes","target":"Robbert Dijkshoorn","id":"27","attributes":{},"color":"rgb(0,0,0)","size":1.0},{"source":"Robbert Dijkshoorn","target":"Richard Hilekes","id":"68","attributes":{},"color":"rgb(0,0,0)","size":1.0},{"source":"Edwin van Kooten Niekerk","target":"Patrick Rikken","id":"42","attributes":{},"color":"rgb(0,0,0)","size":1.0},{"source":"Joost Heres","target":"Ron Brouwer","id":"8","attributes":{},"color":"rgb(0,0,0)","size":1.0},{"source":"Erwin Dunnink","target":"Patrick Rikken","id":"16","attributes":{},"color":"rgb(0,0,0)","size":1.0},{"source":"Erwin Dunnink","target":"Ernst van Beek","id":"51","attributes":{},"color":"rgb(0,0,0)","size":1.0},{"source":"Edwin van Kooten Niekerk","target":"Ron Brouwer","id":"56","attributes":{},"color":"rgb(0,0,0)","size":1.0},{"source":"Edwin van Kooten Niekerk","target":"Pascal Zeelen","id":"4","attributes":{},"color":"rgb(0,0,0)","size":1.0},{"source":"Govert Gribling","target":"Robbert Dijkshoorn","id":"31","attributes":{},"color":"rgb(0,0,0)","size":1.0},{"source":"Joost Heres","target":"Patrick Rikken","id":"29","attributes":{},"color":"rgb(0,0,0)","size":1.0},{"source":"Jeffrey Joenoes","target":"Patrick Rikken","id":"15","attributes":{},"color":"rgb(0,0,0)","size":1.0},{"source":"Jeffrey Joenoes","target":"Tomas Senne","id":"50","attributes":{},"color":"rgb(0,0,0)","size":1.0},{"source":"Dennis Geluk","target":"Richard Hilekes","id":"61","attributes":{},"color":"rgb(0,0,0)","size":1.0},{"source":"Richard Hilekes","target":"Christian van Aalst","id":"43","attributes":{},"color":"rgb(0,0,0)","size":1.0},{"source":"Ronald Koenis","target":"Mark Nannes","id":"13","attributes":{},"color":"rgb(0,0,0)","size":1.0},{"source":"Maarten Poot","target":"Patrick Rikken","id":"19","attributes":{},"color":"rgb(0,0,0)","size":1.0},{"source":"Rob van der Velden","target":"Marc Mathot","id":"57","attributes":{},"color":"rgb(0,0,0)","size":1.0},{"source":"Alice de Boer","target":"Patrick Rikken","id":"14","attributes":{},"color":"rgb(0,0,0)","size":1.0},{"source":"Richard Hilekes","target":"Dennis Geluk","id":"6","attributes":{},"color":"rgb(0,0,0)","size":1.0},{"source":"Thomas van Duijn","target":"Paul Kunneman","id":"38","attributes":{},"color":"rgb(0,0,0)","size":1.0},{"source":"Robbert Dijkshoorn","target":"Patrick Rikken","id":"48","attributes":{},"color":"rgb(0,0,0)","size":1.0},{"source":"Peter Bijkerk","target":"Paul Kunneman","id":"39","attributes":{},"color":"rgb(0,0,0)","size":1.0},{"source":"Robbert Dijkshoorn","target":"Christian van Aalst","id":"11","attributes":{},"color":"rgb(0,0,0)","size":1.0},{"source":"Erwin Dunnink","target":"Maarten","id":"63","attributes":{},"color":"rgb(0,0,0)","size":1.0},{"source":"Rob Hollander","target":"Dennis Geluk","id":"9","attributes":{},"color":"rgb(0,0,0)","size":1.0},{"source":"Niek Rooks","target":"Pascal Zeelen","id":"65","attributes":{},"color":"rgb(0,0,0)","size":1.0},{"source":"Robbert Dijkshoorn","target":"Erwin Dunnink","id":"32","attributes":{},"color":"rgb(0,0,0)","size":1.0},{"source":"Paul Kunneman","target":"Patrick Rikken","id":"1","attributes":{},"color":"rgb(0,0,0)","size":1.0},{"source":"Robbert Dijkshoorn","target":"Ed Holtzer","id":"60","attributes":{},"color":"rgb(0,0,0)","size":1.0},{"source":"Rachel Polman","target":"Marc Mathot","id":"25","attributes":{},"color":"rgb(0,0,0)","size":1.0},{"source":"Rachel Polman","target":"Patrick Rikken","id":"2","attributes":{},"color":"rgb(0,0,0)","size":1.0},{"source":"Rachel Polman","target":"Paul Kunneman","id":"55","attributes":{},"color":"rgb(0,0,0)","size":1.0},{"source":"Rob van der Velden","target":"Patrick Rikken","id":"44","attributes":{},"color":"rgb(0,0,0)","size":1.0},{"source":"Rob van der Velden","target":"Steven Tax","id":"7","attributes":{},"color":"rgb(0,0,0)","size":1.0},{"source":"Niek Rooks","target":"Jinze Buissing","id":"37","attributes":{},"color":"rgb(0,0,0)","size":1.0},{"source":"Dennis Geluk","target":"Selmar van Egmond","id":"12","attributes":{},"color":"rgb(0,0,0)","size":1.0},{"source":"Dennis Geluk","target":"Patrick Rikken","id":"33","attributes":{},"color":"rgb(0,0,0)","size":1.0},{"source":"Joost Heres","target":"Bart Roijers","id":"45","attributes":{},"color":"rgb(0,0,0)","size":1.0},{"source":"Govert Gribling","target":"Ed Holtzer","id":"47","attributes":{},"color":"rgb(0,0,0)","size":1.0},{"source":"Jeffrey Joenoes","target":"Ernst van de Beek","id":"34","attributes":{},"color":"rgb(0,0,0)","size":1.0},{"source":"Rob Hollander","target":"Thomas van Duijn","id":"30","attributes":{},"color":"rgb(0,0,0)","size":1.0},{"source":"Maarten Poot","target":"Thomas van Duijn","id":"64","attributes":{},"color":"rgb(0,0,0)","size":1.0},{"source":"Thomas van Duijn","target":"Robbert Dijkshoorn","id":"54","attributes":{},"color":"rgb(0,0,0)","size":1.0},{"source":"Dennis Geluk","target":"Niek Rooks","id":"49","attributes":{},"color":"rgb(0,0,0)","size":1.0},{"source":"Erwin Dunnink","target":"Robbert Dijkshoorn","id":"35","attributes":{},"color":"rgb(0,0,0)","size":1.0},{"source":"Edwin van Kooten Niekerk","target":"Tomas Senne","id":"26","attributes":{},"color":"rgb(0,0,0)","size":1.0},{"source":"Niek Rooks","target":"Christian van Aalst","id":"53","attributes":{},"color":"rgb(0,0,0)","size":1.0},{"source":"Jeffrey Joenoes","target":"Alwin Korz","id":"62","attributes":{},"color":"rgb(0,0,0)","size":1.0},{"source":"Rachel Polman","target":"Govert Gribling","id":"41","attributes":{},"color":"rgb(0,0,0)","size":1.0},{"source":"Rob Hollander","target":"Niek Rooks","id":"46","attributes":{},"color":"rgb(0,0,0)","size":1.0},{"source":"Thomas van Duijn","target":"Patrick Rikken","id":"22","attributes":{},"color":"rgb(0,0,0)","size":1.0},{"source":"Maarten Poot","target":"Christiaan van Aalst","id":"36","attributes":{},"color":"rgb(0,0,0)","size":1.0},{"source":"Paul Kunneman","target":"Evelien Fick","id":"24","attributes":{},"color":"rgb(0,0,0)","size":1.0}]}