{"nodes":[{"label":"Evelien Fick","x":-183.431396484375,"y":309.645751953125,"id":"Evelien Fick","attributes":{},"color":"rgb(207,236,231)","size":10.0},{"label":"Richard Hilekes","x":-255.7145538330078,"y":-317.6939392089844,"id":"Richard Hilekes","attributes":{},"color":"rgb(67,165,124)","size":10.0},{"label":"Marco Campman","x":-274.14788818359375,"y":239.10244750976562,"id":"Marco Campman","attributes":{},"color":"rgb(237,248,251)","size":10.0},{"label":"Joost Heres","x":43.99091339111328,"y":540.20947265625,"id":"Joost Heres","attributes":{},"color":"rgb(22,127,70)","size":10.0},{"label":"Leo Gouw","x":497.11651611328125,"y":292.5323791503906,"id":"Leo Gouw","attributes":{},"color":"rgb(207,236,231)","size":10.0},{"label":"Sebastiaan Mennen","x":356.80084228515625,"y":-224.34219360351562,"id":"Sebastiaan Mennen","attributes":{},"color":"rgb(237,248,251)","size":10.0},{"label":"Richard Merk","x":-42.251792907714844,"y":586.9913330078125,"id":"Richard Merk","attributes":{},"color":"rgb(237,248,251)","size":10.0},{"label":"Rob den Hollander","x":-235.85667419433594,"y":391.7699890136719,"id":"Rob den Hollander","attributes":{},"color":"rgb(207,236,231)","size":10.0},{"label":"Rob Hollander","x":75.79865264892578,"y":-329.6506652832031,"id":"Rob Hollander","attributes":{},"color":"rgb(117,200,173)","size":10.0},{"label":"Maarten Poot","x":-297.13629150390625,"y":-260.63555908203125,"id":"Maarten Poot","attributes":{},"color":"rgb(177,224,212)","size":10.0},{"label":"Erwin Dunnink","x":-112.74810028076172,"y":-210.38833618164062,"id":"Erwin Dunnink","attributes":{},"color":"rgb(45,146,97)","size":10.0},{"label":"Robbert Dijkshoorn","x":333.4552001953125,"y":-153.24362182617188,"id":"Robbert Dijkshoorn","attributes":{},"color":"rgb(0,109,44)","size":10.0},{"label":"Bart Roijers","x":66.60413360595703,"y":-265.8556213378906,"id":"Bart Roijers","attributes":{},"color":"rgb(177,224,212)","size":10.0},{"label":"Rachel Polman","x":-130.9395294189453,"y":-222.5271453857422,"id":"Rachel Polman","attributes":{},"color":"rgb(237,248,251)","size":10.0},{"label":"Paul Kunneman","x":-0.003958340268582106,"y":504.4060974121094,"id":"Paul Kunneman","attributes":{},"color":"rgb(67,165,124)","size":10.0},{"label":"Ronald Koenis","x":-125.8860092163086,"y":-110.40154266357422,"id":"Ronald Koenis","attributes":{},"color":"rgb(147,212,193)","size":10.0},{"label":"Marco Balvers","x":-284.476806640625,"y":-335.8119201660156,"id":"Marco Balvers","attributes":{},"color":"rgb(207,236,231)","size":10.0},{"label":"Thomas van Duijn","x":-254.08045959472656,"y":67.71085357666016,"id":"Thomas van Duijn","attributes":{},"color":"rgb(67,165,124)","size":10.0},{"label":"Ed Holtzer","x":356.50933837890625,"y":-379.7049560546875,"id":"Ed Holtzer","attributes":{},"color":"rgb(207,236,231)","size":10.0},{"label":"Dennis Geluk","x":507.86334228515625,"y":47.264713287353516,"id":"Dennis Geluk","attributes":{},"color":"rgb(22,127,70)","size":10.0},{"label":"Peter Bijkerk","x":289.8074951171875,"y":-4.22374963760376,"id":"Peter Bijkerk","attributes":{},"color":"rgb(117,200,173)","size":10.0},{"label":"Romy Frensen","x":-478.8251953125,"y":154.48660278320312,"id":"Romy Frensen","attributes":{},"color":"rgb(237,248,251)","size":10.0},{"label":"Vasco Wiersma","x":358.0035400390625,"y":-88.44779205322266,"id":"Vasco Wiersma","attributes":{},"color":"rgb(237,248,251)","size":10.0},{"label":"Ernst van Beek","x":-31.998504638671875,"y":-79.66867065429688,"id":"Ernst van Beek","attributes":{},"color":"rgb(237,248,251)","size":10.0},{"label":"Ron Brouwer","x":362.01239013671875,"y":304.7520446777344,"id":"Ron Brouwer","attributes":{},"color":"rgb(90,184,150)","size":10.0},{"label":"Selmar van Egmond","x":112.3572769165039,"y":299.8057556152344,"id":"Selmar van Egmond","attributes":{},"color":"rgb(237,248,251)","size":10.0},{"label":"Christian van Aalst","x":110.4062728881836,"y":-371.2269592285156,"id":"Christian van Aalst","attributes":{},"color":"rgb(177,224,212)","size":10.0},{"label":"Pascal Zeelen","x":-216.00131225585938,"y":18.19977378845215,"id":"Pascal Zeelen","attributes":{},"color":"rgb(237,248,251)","size":10.0},{"label":"Astrid van Dalen","x":184.1835479736328,"y":-76.93834686279297,"id":"Astrid van Dalen","attributes":{},"color":"rgb(237,248,251)","size":10.0},{"label":"Jinze Buissing","x":86.05513763427734,"y":361.07598876953125,"id":"Jinze Buissing","attributes":{},"color":"rgb(207,236,231)","size":10.0},{"label":"Alice de Boer","x":-415.773193359375,"y":197.47213745117188,"id":"Alice de Boer","attributes":{},"color":"rgb(90,184,150)","size":10.0},{"label":"Marco van Dop","x":61.225982666015625,"y":-352.7433776855469,"id":"Marco van Dop","attributes":{},"color":"rgb(207,236,231)","size":10.0},{"label":"Ernst van de Beek","x":273.3925476074219,"y":-249.54237365722656,"id":"Ernst van de Beek","attributes":{},"color":"rgb(237,248,251)","size":10.0},{"label":"Mark Nannes","x":233.83267211914062,"y":302.616943359375,"id":"Mark Nannes","attributes":{},"color":"rgb(237,248,251)","size":10.0},{"label":"Niek Rooks","x":-450.9891662597656,"y":-225.52828979492188,"id":"Niek Rooks","attributes":{},"color":"rgb(147,212,193)","size":10.0},{"label":"Rob van der Velden","x":406.60491943359375,"y":-155.42108154296875,"id":"Rob van der Velden","attributes":{},"color":"rgb(147,212,193)","size":10.0},{"label":"Jinze Buising","x":258.2645568847656,"y":130.63038635253906,"id":"Jinze Buising","attributes":{},"color":"rgb(237,248,251)","size":10.0},{"label":"Jeffrey Joenoes","x":-244.9603729248047,"y":-141.95199584960938,"id":"Jeffrey Joenoes","attributes":{},"color":"rgb(45,146,97)","size":10.0},{"label":"René","x":-362.12548828125,"y":-369.3545227050781,"id":"René","attributes":{},"color":"rgb(237,248,251)","size":10.0},{"label":"Sabitha Behari","x":-169.47146606445312,"y":-302.10052490234375,"id":"Sabitha Behari","attributes":{},"color":"rgb(237,248,251)","size":10.0},{"label":"Sabita Behari","x":238.99948120117188,"y":-167.16680908203125,"id":"Sabita Behari","attributes":{},"color":"rgb(237,248,251)","size":10.0},{"label":"Patrick Rikken","x":-71.74352264404297,"y":-202.55422973632812,"id":"Patrick Rikken","attributes":{},"color":"rgb(67,165,124)","size":10.0},{"label":"Govert Gribling","x":59.23090362548828,"y":-350.9708557128906,"id":"Govert Gribling","attributes":{},"color":"rgb(90,184,150)","size":10.0},{"label":"Harmen de Boer","x":-285.5716857910156,"y":234.25100708007812,"id":"Harmen de Boer","attributes":{},"color":"rgb(237,248,251)","size":10.0},{"label":"Edwin van Kooten Niekerk","x":178.3916778564453,"y":-182.43649291992188,"id":"Edwin van Kooten Niekerk","attributes":{},"color":"rgb(207,236,231)","size":10.0},{"label":"Stanley Lachman","x":-79.79900360107422,"y":512.9999389648438,"id":"Stanley Lachman","attributes":{},"color":"rgb(90,184,150)","size":10.0},{"label":"Marc Mathot","x":11.438652038574219,"y":166.58523559570312,"id":"Marc Mathot","attributes":{},"color":"rgb(207,236,231)","size":10.0}],"edges":[{"source":"Stanley Lachman","target":"Dennis Geluk","id":"43","attributes":{},"color":"rgb(56,155,110)","size":1.0},{"source":"Stanley Lachman","target":"Paul Kunneman","id":"73","attributes":{},"color":"rgb(78,174,137)","size":1.0},{"source":"Erwin Dunnink","target":"Ernst van Beek","id":"84","attributes":{},"color":"rgb(141,197,174)","size":1.0},{"source":"Alice de Boer","target":"Jinze Buissing","id":"52","attributes":{},"color":"rgb(148,210,190)","size":1.0},{"source":"Joost Heres","target":"Jinze Buising","id":"74","attributes":{},"color":"rgb(129,187,160)","size":1.0},{"source":"Thomas van Duijn","target":"Maarten Poot","id":"70","attributes":{},"color":"rgb(122,194,168)","size":1.0},{"source":"Richard Hilekes","target":"Dennis Geluk","id":"27","attributes":{},"color":"rgb(44,146,97)","size":1.0},{"source":"Erwin Dunnink","target":"Christian van Aalst","id":"54","attributes":{},"color":"rgb(111,185,154)","size":1.0},{"source":"Paul Kunneman","target":"Marc Mathot","id":"58","attributes":{},"color":"rgb(137,200,177)","size":1.0},{"source":"Rob van der Velden","target":"Patrick Rikken","id":"45","attributes":{},"color":"rgb(107,188,158)","size":1.0},{"source":"Ronald Koenis","target":"Rob den Hollander","id":"13","attributes":{},"color":"rgb(177,224,212)","size":1.0},{"source":"Erwin Dunnink","target":"Bart Roijers","id":"37","attributes":{},"color":"rgb(111,185,154)","size":1.0},{"source":"Rob Hollander","target":"Jeffrey Joenoes","id":"75","attributes":{},"color":"rgb(81,173,135)","size":1.0},{"source":"Joost Heres","target":"Sabitha Behari","id":"46","attributes":{},"color":"rgb(129,187,160)","size":1.0},{"source":"Govert Gribling","target":"Patrick Rikken","id":"31","attributes":{},"color":"rgb(78,174,137)","size":1.0},{"source":"Paul Kunneman","target":"Ernst van de Beek","id":"42","attributes":{},"color":"rgb(152,206,187)","size":1.0},{"source":"Robbert Dijkshoorn","target":"Erwin Dunnink","id":"49","attributes":{},"color":"rgb(22,127,70)","size":1.0},{"source":"Erwin Dunnink","target":"Jinze Buissing","id":"83","attributes":{},"color":"rgb(126,191,164)","size":1.0},{"source":"Dennis Geluk","target":"Marco van Dop","id":"33","attributes":{},"color":"rgb(114,181,150)","size":1.0},{"source":"Alice de Boer","target":"René","id":"79","attributes":{},"color":"rgb(163,216,200)","size":1.0},{"source":"Govert Gribling","target":"Richard Merk","id":"10","attributes":{},"color":"rgb(163,216,200)","size":1.0},{"source":"Maarten Poot","target":"Thomas van Duijn","id":"19","attributes":{},"color":"rgb(122,194,168)","size":1.0},{"source":"Rob Hollander","target":"Ronald Koenis","id":"47","attributes":{},"color":"rgb(132,206,183)","size":1.0},{"source":"Dennis Geluk","target":"Richard Hilekes","id":"65","attributes":{},"color":"rgb(44,146,97)","size":1.0},{"source":"Joost Heres","target":"Ron Brouwer","id":"8","attributes":{},"color":"rgb(56,155,110)","size":1.0},{"source":"Alice de Boer","target":"Sabita Behari","id":"35","attributes":{},"color":"rgb(163,216,200)","size":1.0},{"source":"Jeffrey Joenoes","target":"Evelien Fick","id":"53","attributes":{},"color":"rgb(126,191,164)","size":1.0},{"source":"Stanley Lachman","target":"Alice de Boer","id":"5","attributes":{},"color":"rgb(90,184,150)","size":1.0},{"source":"Rob Hollander","target":"Ron Brouwer","id":"30","attributes":{},"color":"rgb(103,192,161)","size":1.0},{"source":"Niek Rooks","target":"Patrick Rikken","id":"55","attributes":{},"color":"rgb(107,188,158)","size":1.0},{"source":"Govert Gribling","target":"Richard Hilekes","id":"48","attributes":{},"color":"rgb(78,174,137)","size":1.0},{"source":"Govert Gribling","target":"Marc Mathot","id":"63","attributes":{},"color":"rgb(148,210,190)","size":1.0},{"source":"Peter Bijkerk","target":"Patrick Rikken","id":"23","attributes":{},"color":"rgb(92,182,148)","size":1.0},{"source":"Dennis Geluk","target":"Marco Balvers","id":"50","attributes":{},"color":"rgb(114,181,150)","size":1.0},{"source":"Erwin Dunnink","target":"Ed Holtzer","id":"16","attributes":{},"color":"rgb(126,191,164)","size":1.0},{"source":"Niek Rooks","target":"Dennis Geluk","id":"69","attributes":{},"color":"rgb(84,169,131)","size":1.0},{"source":"Paul Kunneman","target":"Richard Hilekes","id":"24","attributes":{},"color":"rgb(67,165,124)","size":1.0},{"source":"Rob van der Velden","target":"Ron Brouwer","id":"28","attributes":{},"color":"rgb(118,198,171)","size":1.0},{"source":"Niek Rooks","target":"Astrid van Dalen","id":"21","attributes":{},"color":"rgb(192,230,222)","size":1.0},{"source":"Ronald Koenis","target":"Joost Heres","id":"34","attributes":{},"color":"rgb(84,169,131)","size":1.0},{"source":"Ronald Koenis","target":"Mark Nannes","id":"51","attributes":{},"color":"rgb(192,230,222)","size":1.0},{"source":"Govert Gribling","target":"Rachel Polman","id":"76","attributes":{},"color":"rgb(163,216,200)","size":1.0},{"source":"Robbert Dijkshoorn","target":"Thomas van Duijn","id":"77","attributes":{},"color":"rgb(33,137,84)","size":1.0},{"source":"Joost Heres","target":"Rob den Hollander","id":"61","attributes":{},"color":"rgb(114,181,150)","size":1.0},{"source":"Richard Hilekes","target":"Robbert Dijkshoorn","id":"6","attributes":{},"color":"rgb(33,137,84)","size":1.0},{"source":"Niek Rooks","target":"Robbert Dijkshoorn","id":"39","attributes":{},"color":"rgb(73,160,118)","size":1.0},{"source":"Thomas van Duijn","target":"Robbert Dijkshoorn","id":"56","attributes":{},"color":"rgb(33,137,84)","size":1.0},{"source":"Jeffrey Joenoes","target":"Ron Brouwer","id":"15","attributes":{},"color":"rgb(67,165,123)","size":1.0},{"source":"Dennis Geluk","target":"Selmar van Egmond","id":"78","attributes":{},"color":"rgb(129,187,160)","size":1.0},{"source":"Marco Campman","target":"Paul Kunneman","id":"17","attributes":{},"color":"rgb(152,206,187)","size":1.0},{"source":"Rob Hollander","target":"Joost Heres","id":"9","attributes":{},"color":"rgb(69,163,121)","size":1.0},{"source":"Thomas van Duijn","target":"Jeffrey Joenoes","id":"82","attributes":{},"color":"rgb(56,155,110)","size":1.0},{"source":"Edwin van Kooten Niekerk","target":"Ron Brouwer","id":"25","attributes":{},"color":"rgb(148,210,190)","size":1.0},{"source":"Joost Heres","target":"Bart Roijers","id":"29","attributes":{},"color":"rgb(99,175,141)","size":1.0},{"source":"Erwin Dunnink","target":"Robbert Dijkshoorn","id":"81","attributes":{},"color":"rgb(22,127,70)","size":1.0},{"source":"Dennis Geluk","target":"Stanley Lachman","id":"12","attributes":{},"color":"rgb(56,155,110)","size":1.0},{"source":"Jeffrey Joenoes","target":"Joost Heres","id":"36","attributes":{},"color":"rgb(33,136,83)","size":1.0},{"source":"Rob van der Velden","target":"Bart Roijers","id":"7","attributes":{},"color":"rgb(162,218,202)","size":1.0},{"source":"Peter Bijkerk","target":"Evelien Fick","id":"57","attributes":{},"color":"rgb(162,218,202)","size":1.0},{"source":"Alice de Boer","target":"Harmen de Boer","id":"66","attributes":{},"color":"rgb(163,216,200)","size":1.0},{"source":"Peter Bijkerk","target":"Jeffrey Joenoes","id":"41","attributes":{},"color":"rgb(81,173,135)","size":1.0},{"source":"Thomas van Duijn","target":"Ron Brouwer","id":"22","attributes":{},"color":"rgb(78,174,137)","size":1.0},{"source":"Robbert Dijkshoorn","target":"Christian van Aalst","id":"64","attributes":{},"color":"rgb(88,166,128)","size":1.0},{"source":"Jeffrey Joenoes","target":"Peter Bijkerk","id":"80","attributes":{},"color":"rgb(81,173,135)","size":1.0},{"source":"Alice de Boer","target":"Leo Gouw","id":"14","attributes":{},"color":"rgb(148,210,190)","size":1.0},{"source":"Robbert Dijkshoorn","target":"Ed Holtzer","id":"11","attributes":{},"color":"rgb(103,172,137)","size":1.0},{"source":"Paul Kunneman","target":"Govert Gribling","id":"1","attributes":{},"color":"rgb(78,174,137)","size":1.0},{"source":"Robbert Dijkshoorn","target":"Richard Hilekes","id":"32","attributes":{},"color":"rgb(33,137,84)","size":1.0},{"source":"Erwin Dunnink","target":"Patrick Rikken","id":"68","attributes":{},"color":"rgb(56,155,110)","size":1.0},{"source":"Stanley Lachman","target":"Leo Gouw","id":"26","attributes":{},"color":"rgb(148,210,190)","size":1.0},{"source":"Peter Bijkerk","target":"Sebastiaan Mennen","id":"71","attributes":{},"color":"rgb(177,224,212)","size":1.0},{"source":"Richard Hilekes","target":"Christian van Aalst","id":"44","attributes":{},"color":"rgb(122,194,168)","size":1.0},{"source":"Edwin van Kooten Niekerk","target":"Pascal Zeelen","id":"4","attributes":{},"color":"rgb(222,242,241)","size":1.0},{"source":"Maarten Poot","target":"Robbert Dijkshoorn","id":"38","attributes":{},"color":"rgb(88,166,128)","size":1.0},{"source":"Rob van der Velden","target":"Vasco Wiersma","id":"60","attributes":{},"color":"rgb(192,230,222)","size":1.0},{"source":"Marco Balvers","target":"Dennis Geluk","id":"18","attributes":{},"color":"rgb(114,181,150)","size":1.0},{"source":"Rob Hollander","target":"Romy Frensen","id":"62","attributes":{},"color":"rgb(177,224,212)","size":1.0},{"source":"Thomas van Duijn","target":"Joost Heres","id":"40","attributes":{},"color":"rgb(44,146,97)","size":1.0},{"source":"Stanley Lachman","target":"Marco van Dop","id":"59","attributes":{},"color":"rgb(148,210,190)","size":1.0},{"source":"Paul Kunneman","target":"Patrick Rikken","id":"72","attributes":{},"color":"rgb(67,165,124)","size":1.0},{"source":"Jeffrey Joenoes","target":"Patrick Rikken","id":"67","attributes":{},"color":"rgb(56,155,110)","size":1.0}]}